first_name,last_name,emails,phones
Vance,Hamill,vance@schinnerlittle.net;hamill@fisher.net,1-694-705-8389;199-110-8798
Elda,Rowe,elda@oreilly.com;rowe@legros.name,797-016-3457;1-116-928-0598
Payton,Brekke,payton@jacobs.info;brekke@helleryundt.org,233-466-2059;622-882-3388
Ashlee,Larson,ashlee@ryan.org;larson@cristtowne.name,(596) 644-5020;289-991-4204
Barton,Harris,barton@murray.biz;harris@keeblerkautzer.co,(571) 346-4378;897.216.4387
Sylvan,Heller,sylvan@schaefer.info;heller@nitzsche.biz,676-428-8013;456-101-2688
Milan,Howe,milan@mueller.biz;howe@walter.info,1-696-625-5285;(655) 232-5419
Helene,Stroman,helene@gislasonheaney.org;stroman@schummkaulke.org,493-524-1485;1-438-974-9728
Martina,Schmidt,martina@greenfelder.co;schmidt@beahanwhite.net,347-631-5548;123-788-8052
Maeve,Stark,maeve@will.co;stark@streichkerluke.biz,529.048.9419;1-528-967-2761
